insert into person values('19300246003', '凌宇航');
insert into card values('19300246003', '0', 'now()', '000000', 2, '1');
insert into student values('19300246003', '2019-9-1', '19计算机科学与技术');

insert into person values('19300246004', '马娜');
insert into card values('19300246004', '0', 'now()', '000000', 5, '1');
insert into student values('19300246004', '2019-9-1', '19计算机科学与技术');

insert into person values('19307110165', '段晗宇');
insert into card values('19307110165', '0', 'now()', '000000', 12, '1');
insert into student values('19307110165', '2019-9-1', '19计算机科学与技术');

insert into person values('19307130120', '陈伯锐');
insert into card values('19307130120', '0', 'now()', '000000', 5, '1');
insert into student values('19307130120', '2019-9-1', '19计算机科学与技术');

insert into person values('19307130122', '戴旭书');
insert into card values('19307130122', '0', 'now()', '000000', 2, '1');
insert into student values('19307130122', '2019-9-1', '19计算机科学与技术');

insert into person values('19307130124', '江刻优');
insert into card values('19307130124', '0', 'now()', '000000', 5, '1');
insert into student values('19307130124', '2019-9-1', '19计算机科学与技术');

insert into person values('19307130129', '石旭日');
insert into card values('19307130129', '0', 'now()', '000000', 24, '1');
insert into student values('19307130129', '2019-9-1', '19计算机科学与技术');

insert into person values('19307130376', '浩');
insert into card values('19307130376', '0', 'now()', '000000', 2, '1');
insert into student values('19307130376', '2019-9-1', '19计算机科学与技术');

insert into person values('19300290047', '王佳慧');
insert into card values('19300290047', '0', 'now()', '000000', 2, '1');
insert into student values('19300290047', '2019-9-1', '19计算机科学与技术');

insert into person values('19307130135', '陈楚豪');
insert into card values('19307130135', '0', 'now()', '000000', 8, '1');
insert into student values('19307130135', '2019-9-1', '19计算机科学与技术');

insert into person values('19307130138', '饶子豪');
insert into card values('19307130138', '0', 'now()', '000000', 8, '1');
insert into student values('19307130138', '2019-9-1', '19计算机科学与技术');

insert into person values('19307130139', '宋宇霖');
insert into card values('19307130139', '0', 'now()', '000000', 24, '1');
insert into student values('19307130139', '2019-9-1', '19计算机科学与技术');

insert into person values('19307130140', '叶俊杰');
insert into card values('19307130140', '0', 'now()', '000000', 2, '1');
insert into student values('19307130140', '2019-9-1', '19计算机科学与技术');

insert into person values('19307130141', '庄梓霖');
insert into card values('19307130141', '0', 'now()', '000000', 2, '1');
insert into student values('19307130141', '2019-9-1', '19计算机科学与技术');

insert into person values('19307130319', '黄可欣');
insert into card values('19307130319', '0', 'now()', '000000', 12, '1');
insert into student values('19307130319', '2019-9-1', '19计算机科学与技术');

insert into person values('19307110301', '黄润');
insert into card values('19307110301', '0', 'now()', '000000', 24, '1');
insert into student values('19307110301', '2019-9-1', '19计算机科学与技术');

insert into person values('19307130194', '陈Z璨');
insert into card values('19307130194', '0', 'now()', '000000', 8, '1');
insert into student values('19307130194', '2019-9-1', '19计算机科学与技术');

insert into person values('19307130196', '杜雨轩');
insert into card values('19307130196', '0', 'now()', '000000', 5, '1');
insert into student values('19307130196', '2019-9-1', '19计算机科学与技术');

insert into person values('19307130204', '张茗添');
insert into card values('19307130204', '0', 'now()', '000000', 8, '1');
insert into student values('19307130204', '2019-9-1', '19计算机科学与技术');

insert into person values('19307130337', '谭潭');
insert into card values('19307130337', '0', 'now()', '000000', 8, '1');
insert into student values('19307130337', '2019-9-1', '19计算机科学与技术');

insert into person values('18300200031', '王晋欣');
insert into card values('18300200031', '0', 'now()', '000000', 24, '1');
insert into student values('18300200031', '2019-9-1', '19计算机科学与技术');

insert into person values('19307130248', '刘慕梵');
insert into card values('19307130248', '0', 'now()', '000000', 5, '1');
insert into student values('19307130248', '2019-9-1', '19计算机科学与技术');

insert into person values('19307130250', '万瑞');
insert into card values('19307130250', '0', 'now()', '000000', 12, '1');
insert into student values('19307130250', '2019-9-1', '19计算机科学与技术');

insert into person values('19307130251', '王少文');
insert into card values('19307130251', '0', 'now()', '000000', 2, '1');
insert into student values('19307130251', '2019-9-1', '19计算机科学与技术');

insert into person values('19300200028', '王子怡');
insert into card values('19300200028', '0', 'now()', '000000', 8, '1');
insert into student values('19300200028', '2019-9-1', '19计算机科学与技术');

insert into person values('19307130296', '孙若诗');
insert into card values('19307130296', '0', 'now()', '000000', 5, '1');
insert into student values('19307130296', '2019-9-1', '19计算机科学与技术');

insert into person values('18307110231', '段卓豪');
insert into card values('18307110231', '0', 'now()', '000000', 5, '1');
insert into student values('18307110231', '2019-9-1', '19计算机科学与技术');

insert into person values('19307080022', '张银龙');
insert into card values('19307080022', '0', 'now()', '000000', 8, '1');
insert into student values('19307080022', '2019-9-1', '19计算机科学与技术');

insert into person values('19307130159', '杜安龙');
insert into card values('19307130159', '0', 'now()', '000000', 8, '1');
insert into student values('19307130159', '2019-9-1', '19计算机科学与技术');

insert into person values('19307130160', '付禄康');
insert into card values('19307130160', '0', 'now()', '000000', 5, '1');
insert into student values('19307130160', '2019-9-1', '19计算机科学与技术');

insert into person values('19307130162', '高子旭');
insert into card values('19307130162', '0', 'now()', '000000', 5, '1');
insert into student values('19307130162', '2019-9-1', '19计算机科学与技术');

insert into person values('19307130167', '孙晗');
insert into card values('19307130167', '0', 'now()', '000000', 8, '1');
insert into student values('19307130167', '2019-9-1', '19计算机科学与技术');

insert into person values('19307130327', '叶秋含');
insert into card values('19307130327', '0', 'now()', '000000', 24, '1');
insert into student values('19307130327', '2019-9-1', '19计算机科学与技术');

insert into person values('19307130178', '黄清源');
insert into card values('19307130178', '0', 'now()', '000000', 5, '1');
insert into student values('19307130178', '2019-9-1', '19计算机科学与技术');

insert into person values('19307130180', '陈俊含');
insert into card values('19307130180', '0', 'now()', '000000', 12, '1');
insert into student values('19307130180', '2019-9-1', '19计算机科学与技术');

insert into person values('19307130181', '陈立达');
insert into card values('19307130181', '0', 'now()', '000000', 2, '1');
insert into student values('19307130181', '2019-9-1', '19计算机科学与技术');

insert into person values('19307130187', '刘周湎泽');
insert into card values('19307130187', '0', 'now()', '000000', 24, '1');
insert into student values('19307130187', '2019-9-1', '19计算机科学与技术');

insert into person values('19307130331', '罗林');
insert into card values('19307130331', '0', 'now()', '000000', 2, '1');
insert into student values('19307130331', '2019-9-1', '19计算机科学与技术');

insert into person values('18307110109', '田恩源');
insert into card values('18307110109', '0', 'now()', '000000', 12, '1');
insert into student values('18307110109', '2019-9-1', '19计算机科学与技术');

insert into person values('18307130078', '张栋梁');
insert into card values('18307130078', '0', 'now()', '000000', 24, '1');
insert into student values('18307130078', '2019-9-1', '19计算机科学与技术');

insert into person values('19307130077', '郑源泽');
insert into card values('19307130077', '0', 'now()', '000000', 12, '1');
insert into student values('19307130077', '2019-9-1', '19计算机科学与技术');

insert into person values('19307130304', '杨馥冰');
insert into card values('19307130304', '0', 'now()', '000000', 24, '1');
insert into student values('19307130304', '2019-9-1', '19计算机科学与技术');

insert into person values('19307130081', '曹恒杰');
insert into card values('19307130081', '0', 'now()', '000000', 5, '1');
insert into student values('19307130081', '2019-9-1', '19计算机科学与技术');

insert into person values('19307130082', '陈逸洲');
insert into card values('19307130082', '0', 'now()', '000000', 12, '1');
insert into student values('19307130082', '2019-9-1', '19计算机科学与技术');

insert into person values('19307130083', '程鹏志');
insert into card values('19307130083', '0', 'now()', '000000', 8, '1');
insert into student values('19307130083', '2019-9-1', '19计算机科学与技术');

insert into person values('19307130084', '崔晨昊');
insert into card values('19307130084', '0', 'now()', '000000', 5, '1');
insert into student values('19307130084', '2019-9-1', '19计算机科学与技术');

insert into person values('19307130086', '杜梓义');
insert into card values('19307130086', '0', 'now()', '000000', 12, '1');
insert into student values('19307130086', '2019-9-1', '19计算机科学与技术');

insert into person values('19307130090', '陆子龙');
insert into card values('19307130090', '0', 'now()', '000000', 12, '1');
insert into student values('19307130090', '2019-9-1', '19计算机科学与技术');

insert into person values('19307130092', '祁昊');
insert into card values('19307130092', '0', 'now()', '000000', 12, '1');
insert into student values('19307130092', '2019-9-1', '19计算机科学与技术');

insert into person values('19307130101', '周予恺');
insert into card values('19307130101', '0', 'now()', '000000', 12, '1');
insert into student values('19307130101', '2019-9-1', '19计算机科学与技术');

insert into person values('19307130306', '曹丝露');
insert into card values('19307130306', '0', 'now()', '000000', 8, '1');
insert into student values('19307130306', '2019-9-1', '19计算机科学与技术');

insert into person values('19307130142', '黄绵秋');
insert into card values('19307130142', '0', 'now()', '000000', 12, '1');
insert into student values('19307130142', '2019-9-1', '19计算机科学与技术');

insert into person values('19307130143', '李嘉祺');
insert into card values('19307130143', '0', 'now()', '000000', 2, '1');
insert into student values('19307130143', '2019-9-1', '19计算机科学与技术');

insert into person values('19307130147', '王韬洋');
insert into card values('19307130147', '0', 'now()', '000000', 12, '1');
insert into student values('19307130147', '2019-9-1', '19计算机科学与技术');

insert into person values('19307130062', '高庆麾');
insert into card values('19307130062', '0', 'now()', '000000', 24, '1');
insert into student values('19307130062', '2019-9-1', '19计算机科学与技术');

insert into person values('19300200030', '高子怡');
insert into card values('19300200030', '0', 'now()', '000000', 8, '1');
insert into student values('19300200030', '2019-9-1', '19计算机科学与技术');

insert into person values('19307130264', '董世龙');
insert into card values('19307130264', '0', 'now()', '000000', 2, '1');
insert into student values('19307130264', '2019-9-1', '19计算机科学与技术');

insert into person values('19307130157', '杨戈辉');
insert into card values('19307130157', '0', 'now()', '000000', 8, '1');
insert into student values('19307130157', '2019-9-1', '19计算机科学与技术');

insert into person values('19307130324', '邱清扬');
insert into card values('19307130324', '0', 'now()', '000000', 2, '1');
insert into student values('19307130324', '2019-9-1', '19计算机科学与技术');

insert into person values('19307130059', '刘文浩');
insert into card values('19307130059', '0', 'now()', '000000', 2, '1');
insert into student values('19307130059', '2019-9-1', '19计算机科学与技术');

insert into person values('19307130261', '王颖川');
insert into card values('19307130261', '0', 'now()', '000000', 5, '1');
insert into student values('19307130261', '2019-9-1', '19计算机科学与技术');

insert into person values('18307130008', '董顺斌');
insert into card values('18307130008', '0', 'now()', '000000', 2, '1');
insert into student values('18307130008', '2019-9-1', '19计算机科学与技术');

insert into person values('19307110020', '贺正夫');
insert into card values('19307110020', '0', 'now()', '000000', 2, '1');
insert into student values('19307110020', '2019-9-1', '19计算机科学与技术');

insert into person values('19307110382', '陈朦伊');
insert into card values('19307110382', '0', 'now()', '000000', 8, '1');
insert into student values('19307110382', '2019-9-1', '19计算机科学与技术');

insert into person values('19307130002', '陈乐');
insert into card values('19307130002', '0', 'now()', '000000', 5, '1');
insert into student values('19307130002', '2019-9-1', '19计算机科学与技术');

insert into person values('19307130015', '李昊宸');
insert into card values('19307130015', '0', 'now()', '000000', 2, '1');
insert into student values('19307130015', '2019-9-1', '19计算机科学与技术');

insert into person values('19307130022', '邱晓文');
insert into card values('19307130022', '0', 'now()', '000000', 5, '1');
insert into student values('19307130022', '2019-9-1', '19计算机科学与技术');

insert into person values('19307130026', '宋展');
insert into card values('19307130026', '0', 'now()', '000000', 8, '1');
insert into student values('19307130026', '2019-9-1', '19计算机科学与技术');

insert into person values('19307130030', '唐思源');
insert into card values('19307130030', '0', 'now()', '000000', 8, '1');
insert into student values('19307130030', '2019-9-1', '19计算机科学与技术');

insert into person values('19307130037', '谢子r');
insert into card values('19307130037', '0', 'now()', '000000', 2, '1');
insert into student values('19307130037', '2019-9-1', '19计算机科学与技术');

insert into person values('19307130043', '张驰一');
insert into card values('19307130043', '0', 'now()', '000000', 5, '1');
insert into student values('19307130043', '2019-9-1', '19计算机科学与技术');

insert into person values('19307130284', '吴舒同');
insert into card values('19307130284', '0', 'now()', '000000', 8, '1');
insert into student values('19307130284', '2019-9-1', '19计算机科学与技术');

insert into person values('19307130294', '朱瑾言');
insert into card values('19307130294', '0', 'now()', '000000', 5, '1');
insert into student values('19307130294', '2019-9-1', '19计算机科学与技术');

insert into person values('19300290039', '杨智麟');
insert into card values('19300290039', '0', 'now()', '000000', 2, '1');
insert into student values('19300290039', '2019-9-1', '19计算机科学与技术');

insert into person values('19300290051', '李念琪');
insert into card values('19300290051', '0', 'now()', '000000', 5, '1');
insert into student values('19300290051', '2019-9-1', '19计算机科学与技术');

insert into person values('19307110343', '苟嘉杰');
insert into card values('19307110343', '0', 'now()', '000000', 5, '1');
insert into student values('19307110343', '2019-9-1', '19计算机科学与技术');

insert into person values('19307130237', '聂绍珩');
insert into card values('19307130237', '0', 'now()', '000000', 8, '1');
insert into student values('19307130237', '2019-9-1', '19计算机科学与技术');

insert into person values('19307130238', '彭维');
insert into card values('19307130238', '0', 'now()', '000000', 2, '1');
insert into student values('19307130238', '2019-9-1', '19计算机科学与技术');

insert into person values('19307130241', '王鹏宇');
insert into card values('19307130241', '0', 'now()', '000000', 24, '1');
insert into student values('19307130241', '2019-9-1', '19计算机科学与技术');

insert into person values('19307130360', '叶鑫茹');
insert into card values('19307130360', '0', 'now()', '000000', 5, '1');
insert into student values('19307130360', '2019-9-1', '19计算机科学与技术');

insert into person values('19307130266', '林山力');
insert into card values('19307130266', '0', 'now()', '000000', 8, '1');
insert into student values('19307130266', '2019-9-1', '19计算机科学与技术');

insert into person values('19307130371', '苏比努尔・吐逊买买提');
insert into card values('19307130371', '0', 'now()', '000000', 2, '1');
insert into student values('19307130371', '2019-9-1', '19计算机科学与技术');

insert into person values('19307130257', '王轩');
insert into card values('19307130257', '0', 'now()', '000000', 5, '1');
insert into student values('19307130257', '2019-9-1', '19计算机科学与技术');

insert into person values('19307130260', '周雨晨');
insert into card values('19307130260', '0', 'now()', '000000', 8, '1');
insert into student values('19307130260', '2019-9-1', '19计算机科学与技术');

insert into person values('19307130105', '黄锡浩');
insert into card values('19307130105', '0', 'now()', '000000', 24, '1');
insert into student values('19307130105', '2019-9-1', '19计算机科学与技术');

insert into person values('19307130107', '柯信浩');
insert into card values('19307130107', '0', 'now()', '000000', 8, '1');
insert into student values('19307130107', '2019-9-1', '19计算机科学与技术');

insert into person values('19307130108', '李屹');
insert into card values('19307130108', '0', 'now()', '000000', 5, '1');
insert into student values('19307130108', '2019-9-1', '19计算机科学与技术');

insert into person values('19307130116', '徐畅');
insert into card values('19307130116', '0', 'now()', '000000', 24, '1');
insert into student values('19307130116', '2019-9-1', '19计算机科学与技术');

insert into person values('19307130117', '杨之恒');
insert into card values('19307130117', '0', 'now()', '000000', 12, '1');
insert into student values('19307130117', '2019-9-1', '19计算机科学与技术');

insert into person values('19307130118', '张芝豪');
insert into card values('19307130118', '0', 'now()', '000000', 2, '1');
insert into student values('19307130118', '2019-9-1', '19计算机科学与技术');

insert into person values('19307130313', '陆佳艺');
insert into card values('19307130313', '0', 'now()', '000000', 24, '1');
insert into student values('19307130313', '2019-9-1', '19计算机科学与技术');

insert into person values('19307130210', '陈家豪');
insert into card values('19307130210', '0', 'now()', '000000', 12, '1');
insert into student values('19307130210', '2019-9-1', '19计算机科学与技术');

insert into person values('19307130211', '陈洋');
insert into card values('19307130211', '0', 'now()', '000000', 2, '1');
insert into student values('19307130211', '2019-9-1', '19计算机科学与技术');

insert into person values('19307130227', '张开元');
insert into card values('19307130227', '0', 'now()', '000000', 8, '1');
insert into student values('19307130227', '2019-9-1', '19计算机科学与技术');

insert into person values('19307130346', '陈沛');
insert into card values('19307130346', '0', 'now()', '000000', 12, '1');
insert into student values('19307130346', '2019-9-1', '19计算机科学与技术');

insert into person values('19307130347', '程煜格');
insert into card values('19307130347', '0', 'now()', '000000', 5, '1');
insert into student values('19307130347', '2019-9-1', '19计算机科学与技术');

insert into person values('19307130348', '程卓B');
insert into card values('19307130348', '0', 'now()', '000000', 12, '1');
insert into student values('19307130348', '2019-9-1', '19计算机科学与技术');

insert into person values('19307130349', '何仟僖');
insert into card values('19307130349', '0', 'now()', '000000', 24, '1');
insert into student values('19307130349', '2019-9-1', '19计算机科学与技术');

insert into person values('19307130351', '唐侨');
insert into card values('19307130351', '0', 'now()', '000000', 5, '1');
insert into student values('19307130351', '2019-9-1', '19计算机科学与技术');

insert into person values('19307130352', '王梦瑶');
insert into card values('19307130352', '0', 'now()', '000000', 8, '1');
insert into student values('19307130352', '2019-9-1', '19计算机科学与技术');

insert into person values('19307130355', '徐佳佳');
insert into card values('19307130355', '0', 'now()', '000000', 12, '1');
insert into student values('19307130355', '2019-9-1', '19计算机科学与技术');

